StringId,X,Y,Z
1,9601.28711678914,9691.65034460141,1094.53428690562
1,9600.37413720604,9664.68803291345,1094.24744482827
1,9561.23367107911,9643.32392866914,1092.21756142186
1,9515.742,9624.118,1090.409
1,9371.913,9617.692,1090.397
1,9317.126,9583.811,1096.112
1,9208.593,9547.037,1107.266
1,9121.431,9511.878,1116.229
1,9006.84,9469.959,1127.902
1,8911.111,9423.428,1137.724
1,8813.517,9355.637,1148.645
1,8773.172,9281.805,1155.738
1,8786.824,9192.343,1159.526
1,8795.572,9089.533,1164.6
1,8811.03,9020.493,1167.992
1,8819.38,8923.746,1172.593
1,8832.768,8820.389,1177.393
1,8851.289,8710.321,1182.5
1,8869.07800047772,8559.31181833801,1189.65872155143
1,8900.354,8468.602,1190.0
1,8928.024,8571.165,1192.256
1,8946.983,8651.231,1200.322
1,8985.823,8774.524,1212.73
1,9031.492,8887.397,1223.755
1,9053.557,8983.78,1233.336
1,9098.689,9012.175,1237.76
1,9184.413,9003.638,1245.414
1,9277.412,8970.369,1253.392
1,9358.398,8952.15,1260.0
2,9601.28711678914,9691.65034460141,1094.53428690562
2,9638.21682259226,9692.33170495694,1096.1176523076
2,9713.27,9701.158,1099.48
2,9838.314,9719.994,1105.124
2,9933.551,9735.552,1109.779
2,10027.146,9754.301,1112.446
3,9601.28711678914,9691.65034460141,1094.53428690562
3,9571.948,9687.98,1092.167
3,9508.769,9681.835,1089.562
3,9385.332,9681.087,1087.221
3,9319.11976230443,9685.7343133029,1087.2114934995
3,9232.8630556926,9694.02625618314,1087.16567739542
4,9601.28711678914,9691.65034460141,1094.53428690562
4,9597.57114981933,9725.36806853792,1093.2433901201
4,9595.45856345069,9753.75905957348,1092.10787176362
4,9593.015,9797.533,1089.677
5,9961.444,10920.049,1086.115
5,9969.289,10882.618,1085.748
6,9961.444,10920.049,1086.115
6,9946.826,10989.8,1086.798
6,9883.461,11038.218,1087.268
6,9799.066,11044.381,1087.808
7,9961.444,10920.049,1086.115
7,9984.056,10936.811,1086.156
7,9990.55,10963.521,1086.336
7,9991.666,11006.46,1087.537
7,9963.931,11064.73,1087.95
7,9947.31535577915,11093.6576327444,1088.18943692793
8,9901.432,11163.119,1087.878
8,9923.897,11130.898,1087.87
9,9901.432,11163.119,1087.878
9,9850.24595310483,11183.9735769401,1087.81427330758
10,9901.432,11163.119,1087.878
10,9888.101,11153.88,1087.509
10,9863.953,11144.812,1087.537
10,9830.45,11123.551,1087.661
10,9801.981,11101.362,1087.731
10,9774.83,11084.105,1087.789
11,9901.432,11163.119,1087.878
11,9906.944,11171.613,1088.18
11,9915.622,11182.384,1088.368
11,9919.378,11201.928,1088.109
11,9921.77,11232.751,1087.622
11,9918.768,11290.237,1088.917
11,9909.137,11320.774,1088.742
11,9893.984,11342.676,1087.393
11,9865.015,11340.349,1086.733
12,9255.378,11083.604,1063.922
12,9251.174,10971.263,1065.657
12,9241.466,10888.447,1066.755
12,9214.611,10822.431,1068.057
12,9167.067,10706.405,1069.814
12,9139.004,10641.71,1070.347
12,9125.41159809246,10560.4683921985,1072.90345128311
12,9117.659,10479.017,1072.807
12,9107.814,10407.038,1074.67
12,9103.979,10327.888,1076.098
12,9118.469,10243.595,1077.49
12,9159.756,10165.103,1078.411
12,9202.886,10111.548,1079.439
12,9232.947,10050.874,1080.406
12,9230.773,10007.889,1081.426
12,9226.016,9955.897,1082.95
12,9221.549,9915.582,1083.196
12,9219.757,9899.41,1083.294
13,9255.378,11083.604,1063.922
13,9311.181,11091.689,1065.492
13,9332.187,11094.733,1066.083
13,9426.888,11092.618,1074.871
13,9491.258,11082.413,1081.427
13,9555.52,11075.61,1087.686
13,9621.981,11072.157,1089.224
14,9255.378,11083.604,1063.922
14,9153.105,11107.122,1064.497
14,9083.866,11108.456,1064.548
14,8987.708,11120.737,1064.74
15,9311.181,11091.689,1065.492
15,9313.492,11044.897,1065.508
15,9374.999,11024.684,1067.474
15,9498.324,11014.201,1069.623
15,9600.168,11006.9,1072.408
15,9668.082,10944.904,1074.14
15,9681.418,10869.698,1075.461
15,9695.65,10787.734,1076.326
15,9724.566,10730.686,1078.409
15,9750.174,10721.263,1078.852
15,9774.195,10698.5,1079.69
16,10121.984,9496.573,1120.004
16,10171.379,9486.803,1120.0
16,10259.087,9463.137,1128.297
16,10361.886,9423.54,1138.682
16,10426.621,9374.237,1145.759
16,10504.015,9328.581,1154.44
16,10558.467,9284.455,1161.006
16,10597.77,9225.926,1167.437
16,10610.105,9150.803,1173.739
16,10578.132,9076.266,1180.782
16,10554.078,9003.425,1184.612
16,10515.988,8902.806,1189.951
16,10482.844,8820.39,1190.0
16,10474.927,8918.999,1190.505
16,10474.258,8989.848,1196.984
16,10454.134,9059.791,1203.159
16,10420.529,9106.02,1208.587
16,10359.3,9129.574,1213.929
16,10262.376,9104.148,1223.403
16,10198.724,9089.836,1229.791
16,10097.662,9069.26,1239.995
16,10049.173,9065.551,1240.0
16,9954.869,9055.727,1240.0
17,10121.984,9496.573,1120.004
17,10037.71,9482.655,1120.818
17,9932.243,9449.715,1131.436
17,9727.228,9381.644,1152.073
17,9613.896,9349.091,1160.0
17,9523.654,9327.269,1168.629
17,9443.468,9295.634,1176.677
17,9356.151,9266.804,1185.455
17,9304.163,9245.239,1190.0
17,9240.869,9244.754,1190.0
17,9241.123,9211.21,1190.0
17,9338.438,9204.277,1192.3
17,9403.569,9181.46,1198.859
17,9498.698,9154.583,1208.409
17,9575.735,9130.836,1216.144
17,9647.488,9109.844,1223.358
17,9724.706,9084.289,1231.118
17,9811.03787300877,9066.83105658493,1239.78206068399
17,9878.941,9062.74,1240.0
18,10121.984,9496.573,1120.004
18,10094.269,9582.578,1120.745
18,10057.303,9685.019,1115.452
19,9456.703,8955.12,1260.0
19,9513.494516212,8957.19825264755,1259.99217130943
19,9578.18236667301,8962.01195978275,1259.99349239216
19,9701.397,8993.28,1249.725
19,9818.162,9025.8,1240.0
20,9456.703,8955.12,1260.0
20,9358.398,8952.15,1260.0
20,9277.412,8970.369,1253.392
20,9184.413,9003.638,1245.414
20,9098.689,9012.175,1237.76
20,9053.557,8983.78,1233.336
20,9031.492,8887.397,1223.755
20,8985.823,8774.524,1212.73
20,8946.983,8651.231,1200.322
20,8928.024,8571.165,1192.256
20,8900.354,8468.602,1190.0
20,8869.07800047772,8559.31181833801,1189.65872155143
20,8851.289,8710.321,1182.5
20,8832.768,8820.389,1177.393
20,8819.38,8923.746,1172.593
20,8811.03,9020.493,1167.992
20,8795.572,9089.533,1164.6
20,8786.824,9192.343,1159.526
20,8773.172,9281.805,1155.738
20,8813.517,9355.637,1148.645
20,8911.111,9423.428,1137.724
20,9006.84,9469.959,1127.902
20,9121.431,9511.878,1116.229
20,9208.593,9547.037,1107.266
20,9317.126,9583.811,1096.112
20,9371.913,9617.692,1090.397
20,9515.742,9624.118,1090.409
20,9561.23367107911,9643.32392866914,1092.21756142186
20,9600.37413720604,9664.68803291345,1094.24744482827
21,9456.703,8955.12,1260.0
21,9508.761,8929.9,1260.0
21,9571.91,8914.529,1260.0
21,9674.15,8892.893,1268.993
21,9784.556,8872.864,1279.844
21,9757.53077544219,8790.05117297342,1280.0112700846
22,9795.33,7995.367,1280.0
22,9581.249,8029.91,1280.0
22,9582.755,8093.635,1280.0
22,9608.481,8316.703,1280.0
23,9634.451,8390.44,1280.0
23,9665.484,8478.55,1280.0
23,9695.161,8602.228,1280.0
23,9712.365,8673.925,1280.0
24,9634.451,8390.44,1280.0
24,9608.481,8316.703,1280.0
24,9582.755,8093.635,1280.0
24,9581.249,8029.91,1280.0
25,9634.451,8390.44,1280.0
25,9832.706,8351.764,1280.0
26,9729.58761553546,8729.23705541019,1280.21422340859
26,9757.53077544219,8790.05117297342,1280.0112700846
26,9784.556,8872.864,1279.844
26,9674.15,8892.893,1268.993
26,9571.91,8914.529,1260.0
26,9508.761,8929.9,1260.0
27,9729.58761553546,8729.23705541019,1280.21422340859
27,9712.365,8673.925,1280.0
27,9695.161,8602.228,1280.0
27,9665.484,8478.55,1280.0
28,9729.58761553546,8729.23705541019,1280.21422340859
28,9878.19,8712.064,1280.0
29,10768.228,10435.739,1117.389
29,10753.6326451666,10399.9649261573,1115.48377808927
29,10731.211,10374.846,1111.5
29,10701.622,10312.889,1108.0
29,10693.577,10232.998,1108.0
29,10694.947,10133.146,1108.0
29,10655.357,10043.032,1108.0
29,10614.49,9974.855,1108.0
30,10768.228,10435.739,1117.389
30,10763.1096629223,10494.9235251289,1117.99399444301
31,10768.228,10435.739,1117.389
31,10689.745,10474.848,1117.666
31,10597.898,10559.751,1118.0
31,10573.216,10585.15,1118.0
32,10512.303,10647.831,1118.0
32,10500.457,10716.724,1118.0
32,10559.055,10752.81,1118.0
33,10512.303,10647.831,1118.0
33,10465.807,10684.142,1118.0
33,10422.761,10723.045,1118.0
33,10416.486,10804.989,1118.0
33,10408.471,10876.111,1118.0
33,10428.068,10923.671,1118.0
33,10471.168,10936.661,1118.0
33,10521.419,10933.739,1120.225
33,10567.98,10923.956,1122.489
33,10610.182,10913.898,1124.552
33,10664.709,10891.114,1127.322
33,10707.741,10864.191,1129.776
33,10751.262,10836.906,1132.219
33,10783.508,10794.506,1134.723
33,10815.091,10756.76,1137.074
33,10834.097,10722.963,1138.0
34,10512.303,10647.831,1118.0
34,10573.216,10585.15,1118.0
34,10597.898,10559.751,1118.0
34,10689.745,10474.848,1117.666
35,10551.936,11828.489,1278.0
35,10577.974,11827.252,1278.0
35,10613.645,11824.241,1278.0
35,10631.204,11808.215,1278.0
35,10637.476,11787.063,1278.0
35,10619.154,11773.616,1277.944
35,10576.405,11753.322,1271.437
35,10563.061,11742.847,1269.549
35,10552.577,11723.584,1266.606
35,10547.538,11708.599,1264.29
35,10538.04,11688.904,1261.176
35,10526.349,11675.29,1258.699
35,10516.634,11660.636,1256.811
35,10494.583,11646.679,1253.086
35,10477.256,11634.676,1250.073
35,10466.269,11623.884,1248.0
35,10467.194,11603.967,1248.0
35,10481.704,11609.683,1247.133
35,10521.739,11622.798,1241.074
35,10554.139,11637.03,1238.0
35,10551.4133497578,11612.9790460811,1237.9952246666
35,10527.9284461486,11603.0215521281,1234.61410043972
35,10503.7419361931,11592.9139322436,1230.83416839495
35,10484.703,11584.112,1228.0
35,10469.69,11553.481,1228.0
35,10508.021,11545.573,1228.0
35,10540.245,11526.754,1228.0
35,10539.203,11489.024,1228.0
35,10537.478,11454.248,1228.0
35,10523.371,11409.434,1228.0
35,10517.8,11369.683,1228.0
35,10539.361,11336.007,1228.0
35,10556.899,11256.991,1228.0
35,10584.094,11202.058,1228.0
35,10618.87,11180.841,1228.0
36,10790.644,10970.569,1208.0
36,10776.566,10991.224,1208.424
36,10755.788,11004.473,1211.109
36,10730.42,11020.101,1214.302
36,10701.411,11037.655,1218.044
36,10679.288,11049.608,1220.843
36,10651.561,11064.872,1224.325
36,10623.707,11072.481,1227.445
36,10604.18,11081.443,1228.0
36,10614.183,11108.414,1228.0
36,10621.756,11138.452,1228.0
37,10790.644,10970.569,1208.0
37,10775.818,10964.707,1208.0
37,10749.129,10975.223,1205.893
37,10722.833,10987.695,1202.681
37,10696.503,10997.298,1199.634
37,10664.571,11007.34,1196.092
37,10642.266,11017.739,1193.458
37,10620.124,11022.409,1191.025
37,10592.833,11025.235,1188.016
37,10559.798,11031.515,1184.285
37,10539.089,11024.857,1183.0
37,10537.579,11013.144,1183.0
37,10549.891,11010.661,1182.371
37,10581.68,10997.728,1178.655
37,10615.944,10987.309,1174.839
37,10643.588,10974.248,1171.433
37,10662.644,10966.985,1169.274
37,10688.897,10950.827,1166.053
37,10716.062,10931.799,1162.456
37,10738.009,10910.52,1159.287
37,10759.075,10889.804,1156.072
37,10781.59,10862.939,1152.359
37,10799.471,10843.009,1149.532
37,10816.764,10812.016,1145.7
37,10828.049,10790.3,1143.053
37,10846.444,10763.201,1139.492
37,10857.921,10727.185,1138.0
38,10790.644,10970.569,1208.0
38,10821.097,10939.725,1208.0
38,10843.574,10915.971,1208.0
38,10865.726,10907.444,1207.451
38,10908.361,10915.015,1199.794
39,10601.008,9959.128,1108.0
39,10566.34,9918.686,1108.0
39,10491.489,9881.534,1108.0
39,10480.704,9876.181,1108.0
40,10601.008,9959.128,1108.0
40,10614.49,9974.855,1108.0
40,10655.357,10043.032,1108.0
40,10694.947,10133.146,1108.0
40,10693.577,10232.998,1108.0
40,10701.622,10312.889,1108.0
40,10731.211,10374.846,1111.5
40,10753.6326451666,10399.9649261573,1115.48377808927
41,10601.008,9959.128,1108.0
41,10645.4614521451,9963.85845430057,1113.02036467249
41,10699.9828547485,10015.8012625815,1128.00856951579
41,10739.495,10102.905,1128.0
41,10750.296,10155.037,1128.0
41,10758.718,10205.218,1128.0
41,10773.341,10255.084,1128.0
41,10791.282,10315.57,1128.0
41,10812.781,10380.868,1128.0
41,10827.1,10435.395,1128.0
41,10840.881,10487.935,1128.376
41,10847.713,10529.558,1129.777
41,10854.758,10587.193,1129.936
41,10859.17,10644.581,1129.936
42,10858.291,10702.733,1135.613
42,10857.921,10727.185,1138.0
42,10846.444,10763.201,1139.492
42,10828.049,10790.3,1143.053
42,10816.764,10812.016,1145.7
42,10799.471,10843.009,1149.532
42,10781.59,10862.939,1152.359
42,10759.075,10889.804,1156.072
42,10738.009,10910.52,1159.287
42,10716.062,10931.799,1162.456
42,10688.897,10950.827,1166.053
42,10662.644,10966.985,1169.274
42,10643.588,10974.248,1171.433
42,10615.944,10987.309,1174.839
42,10581.68,10997.728,1178.655
42,10549.891,11010.661,1182.371
42,10537.579,11013.144,1183.0
42,10539.089,11024.857,1183.0
42,10559.798,11031.515,1184.285
42,10592.833,11025.235,1188.016
42,10620.124,11022.409,1191.025
42,10642.266,11017.739,1193.458
42,10664.571,11007.34,1196.092
42,10696.503,10997.298,1199.634
42,10722.833,10987.695,1202.681
42,10749.129,10975.223,1205.893
42,10775.818,10964.707,1208.0
43,10858.291,10702.733,1135.613
43,10834.097,10722.963,1138.0
43,10815.091,10756.76,1137.074
43,10783.508,10794.506,1134.723
43,10751.262,10836.906,1132.219
43,10707.741,10864.191,1129.776
43,10664.709,10891.114,1127.322
43,10610.182,10913.898,1124.552
43,10567.98,10923.956,1122.489
43,10521.419,10933.739,1120.225
43,10471.168,10936.661,1118.0
43,10428.068,10923.671,1118.0
43,10408.471,10876.111,1118.0
43,10416.486,10804.989,1118.0
43,10422.761,10723.045,1118.0
43,10465.807,10684.142,1118.0
44,10858.291,10702.733,1135.613
44,10858.753,10672.165,1132.629
44,10859.17,10644.581,1129.936
44,10854.758,10587.193,1129.936
44,10847.713,10529.558,1129.777
44,10840.881,10487.935,1128.376
44,10827.1,10435.395,1128.0
44,10812.781,10380.868,1128.0
44,10791.282,10315.57,1128.0
44,10773.341,10255.084,1128.0
44,10758.718,10205.218,1128.0
44,10750.296,10155.037,1128.0
44,10739.495,10102.905,1128.0
44,10699.9828547485,10015.8012625815,1128.00856951579
44,10645.4614521451,9963.85845430057,1113.02036467249
45,10858.753,10672.165,1132.629
45,10881.24,10691.923,1132.282
45,10899.855,10724.03,1135.913
45,10926.21,10729.53,1138.293
45,10958.834,10736.749,1139.948
45,10996.184,10739.829,1141.74
45,11036.424,10760.349,1144.044
45,11050.767,10781.021,1145.07
45,11080.142,10797.784,1146.818
45,11100.651,10801.75,1148.414
45,11146.091,10803.617,1152.431
45,11186.551,10811.881,1157.719
45,11205.168,10822.005,1159.539
45,11207.681,10853.139,1162.118
45,11204.872,10881.111,1164.894
45,11194.547,10905.047,1167.164
45,11169.248,10932.321,1170.727
45,11143.44,10964.695,1174.913
46,9953.171,10714.724,1084.685
46,9951.228,10674.79,1084.395
46,9939.501,10578.441,1094.203
46,9933.623,10512.328,1100.589
46,9939.691,10445.601,1107.596
46,9942.767,10419.276,1110.901
46,9947.297,10379.924,1111.86
46,9963.93705952237,10272.1745881781,1109.9712579815
46,9979.40977145692,10142.3838444456,1110.01850658492
46,9982.61,10053.966,1111.861
46,9985.013,9941.056,1112.063
47,9953.171,10714.724,1084.685
47,9954.582,10743.731,1084.896
48,9953.171,10714.724,1084.685
48,9983.229,10678.568,1084.194
48,9995.473,10629.673,1086.117
48,10023.702,10591.919,1085.407
48,10077.598,10562.021,1087.248
48,10129.844,10538.115,1088.0
48,10185.891,10528.921,1088.0
48,10243.35,10514.44,1082.166
48,10285.038,10498.99,1077.715
48,10342.196,10467.434,1071.551
48,10395.389,10424.179,1063.896
48,10407.953,10394.49,1060.396
48,10396.661,10354.025,1058.859
48,10391.315,10313.576,1057.746
48,10385.575,10273.372,1053.475
48,10389.049,10232.445,1049.603
48,10389.656,10192.506,1045.183
48,10393.489,10155.114,1041.259
48,10399.94,10112.577,1037.368
48,10423.384,10094.467,1033.575
48,10461.048,10075.781,1028.2
48,10489.655,10075.904,1025.037
48,10517.806,10081.965,1023.0
48,10511.123,10096.309,1023.041
48,10481.393,10104.404,1019.914
48,10465.217,10120.089,1018.0
49,10468.909,10166.81,1018.0
49,10465.217,10120.089,1018.0
49,10481.393,10104.404,1019.914
49,10511.123,10096.309,1023.041
49,10517.806,10081.965,1023.0
49,10489.655,10075.904,1025.037
49,10461.048,10075.781,1028.2
49,10423.384,10094.467,1033.575
49,10399.94,10112.577,1037.368
49,10393.489,10155.114,1041.259
49,10389.656,10192.506,1045.183
49,10389.049,10232.445,1049.603
49,10385.575,10273.372,1053.475
49,10391.315,10313.576,1057.746
49,10396.661,10354.025,1058.859
49,10407.953,10394.49,1060.396
49,10395.389,10424.179,1063.896
49,10342.196,10467.434,1071.551
49,10285.038,10498.99,1077.715
49,10243.35,10514.44,1082.166
49,10185.891,10528.921,1088.0
49,10129.844,10538.115,1088.0
49,10077.598,10562.021,1087.248
49,10023.702,10591.919,1085.407
49,9995.473,10629.673,1086.117
49,9983.229,10678.568,1084.194
50,10005.969582662,11096.699374996,1086.00443771735
50,10043.935,11110.293,1085.607
50,10073.542,11120.143,1086.882
50,10133.588,11110.19,1088.947
50,10219.306,11068.459,1094.208
50,10279.911,11042.095,1098.673
50,10322.923,11003.158,1103.408
50,10356.338,10959.448,1108.082
50,10352.305,10914.857,1110.028
50,10349.447,10868.233,1113.055
50,10343.354,10821.235,1112.664
50,10351.002,10771.123,1109.049
50,10364.428,10732.409,1108.247
50,10429.0896521156,10626.678766631,1102.92477778253
50,10475.749,10575.643,1098.0
51,10653.764,10317.058,1093.0
51,10656.274,10382.475,1093.0
51,10611.452,10433.921,1093.0
51,10564.4138543212,10486.3725227003,1097.99264274307
52,10653.764,10317.058,1093.0
52,10651.99,10270.815,1093.0
52,10650.101,10255.666,1093.0
53,10653.764,10317.058,1093.0
53,10628.64,10321.166,1093.0
53,10603.2,10345.22,1093.0
54,10588.3284440676,10363.3466775453,1092.97270345204
54,10603.2,10345.22,1093.0
54,10628.64,10321.166,1093.0
55,10536.929,10513.055,1098.0
55,10475.749,10575.643,1098.0
55,10429.0896521156,10626.678766631,1102.92477778253
55,10364.428,10732.409,1108.247
55,10351.002,10771.123,1109.049
55,10343.354,10821.235,1112.664
55,10349.447,10868.233,1113.055
55,10352.305,10914.857,1110.028
55,10356.338,10959.448,1108.082
55,10322.923,11003.158,1103.408
55,10279.911,11042.095,1098.673
55,10219.306,11068.459,1094.208
55,10133.588,11110.19,1088.947
55,10073.542,11120.143,1086.882
56,10536.929,10513.055,1098.0
56,10564.4138543212,10486.3725227003,1097.99264274307
56,10611.452,10433.921,1093.0
56,10656.274,10382.475,1093.0
57,10536.929,10513.055,1098.0
57,10520.464,10495.596,1098.0
57,10505.338,10483.798,1098.0
58,10474.4406714065,10515.0523692706,1097.99585790827
58,10505.338,10483.798,1098.0
58,10520.464,10495.596,1098.0
59,9772.577,10664.592,1081.09
59,9788.763,10685.074,1080.639
59,9833.878,10706.022,1080.841
59,9861.651,10719.147,1081.665
59,9888.523,10749.003,1082.738
59,9935.423,10771.601,1084.39
60,9788.763,10685.074,1080.639
60,9774.195,10698.5,1079.69
60,9750.174,10721.263,1078.852
60,9724.566,10730.686,1078.409
60,9695.65,10787.734,1076.326
60,9681.418,10869.698,1075.461
60,9668.082,10944.904,1074.14
60,9600.168,11006.9,1072.408
60,9498.324,11014.201,1069.623
60,9374.999,11024.684,1067.474
60,9313.492,11044.897,1065.508
61,9957.401,10770.354,1085.059
61,9954.582,10743.731,1084.896
62,9957.401,10770.354,1085.059
62,9969.289,10882.618,1085.748
63,9957.401,10770.354,1085.059
63,9935.423,10771.601,1084.39
63,9888.523,10749.003,1082.738
63,9861.651,10719.147,1081.665
63,9833.878,10706.022,1080.841
64,9997.651,9898.216,1112.189
64,10012.01,9849.54,1112.333
64,10033.989,9761.807,1112.509
65,9997.651,9898.216,1112.189
65,9985.013,9941.056,1112.063
65,9982.61,10053.966,1111.861
65,9979.40977145692,10142.3838444456,1110.01850658492
65,9963.93705952237,10272.1745881781,1109.9712579815
65,9947.297,10379.924,1111.86
65,9942.767,10419.276,1110.901
65,9939.691,10445.601,1107.596
65,9933.623,10512.328,1100.589
65,9939.501,10578.441,1094.203
65,9951.228,10674.79,1084.395
66,9997.651,9898.216,1112.189
66,9954.129,9886.133,1111.536
66,9930.044,9876.397,1108.482
66,9884.581,9867.631,1105.288
66,9861.829,9882.717,1103.59
66,9848.335,9906.687,1101.724
66,9837.648,9936.902,1099.806
66,9811.436,9955.931,1097.357
66,9774.044,9952.25,1095.055
66,9712.043,9940.202,1091.006
67,9997.651,9898.216,1112.189
67,10013.188,9915.902,1112.018
67,10056.9575823789,9944.75311502481,1110.07762105793
67,10077.2440014487,9960.38429322034,1106.96651897858
67,10105.385,9980.407,1105.197
67,10131.254,10002.43,1103.568
67,10159.3,10013.023,1101.88
67,10204.789,10019.453,1101.831
68,9640.532,9922.073,1087.883
68,9712.043,9940.202,1091.006
68,9774.044,9952.25,1095.055
68,9811.436,9955.931,1097.357
68,9837.648,9936.902,1099.806
68,9848.335,9906.687,1101.724
68,9861.829,9882.717,1103.59
68,9884.581,9867.631,1105.288
68,9930.044,9876.397,1108.482
68,9954.129,9886.133,1111.536
69,9640.532,9922.073,1087.883
69,9620.115,9879.066,1088.015
70,9640.532,9922.073,1087.883
70,9585.971,9903.323,1086.638
70,9508.221,9884.639,1085.318
70,9413.273,9864.186,1084.218
70,9338.288,9846.765,1083.298
70,9288.247,9843.995,1083.267
70,9251.919,9855.943,1083.061
71,11118.873,10986.172,1176.464
71,11082.799,10971.109,1179.384
71,11036.774,10949.564,1185.602
71,10990.258,10934.829,1191.488
71,10938.857,10916.621,1198.0
72,11118.873,10986.172,1176.464
72,11143.44,10964.695,1174.913
72,11169.248,10932.321,1170.727
72,11194.547,10905.047,1167.164
72,11204.872,10881.111,1164.894
72,11207.681,10853.139,1162.118
72,11205.168,10822.005,1159.539
72,11186.551,10811.881,1157.719
72,11146.091,10803.617,1152.431
72,11100.651,10801.75,1148.414
72,11080.142,10797.784,1146.818
72,11050.767,10781.021,1145.07
72,11036.424,10760.349,1144.044
72,10996.184,10739.829,1141.74
72,10958.834,10736.749,1139.948
72,10926.21,10729.53,1138.293
72,10899.855,10724.03,1135.913
72,10881.24,10691.923,1132.282
73,11118.873,10986.172,1176.464
73,11106.222,11002.649,1173.247
73,11096.439,11022.667,1167.891
73,11068.176,11045.045,1160.952
73,11041.2998103065,11057.96973277,1155.63565242102
73,11021.6490906756,11071.4144116098,1150.91474736844
73,11000.5268022688,11125.2062940255,1136.60982481729
73,10997.71,11179.037,1126.116
73,10991.521,11241.467,1115.35
73,10992.107,11290.81,1103.052
73,11003.228,11329.375,1100.038
73,11012.964,11363.127,1094.685
73,11021.835,11400.808,1092.021
73,11040.664,11438.388,1089.276
73,11067.401,11472.934,1086.386
73,11108.181,11550.187,1081.693
73,11133.8298135537,11615.7709873062,1077.5308937117
73,11140.938,11717.567,1070.437
73,11131.063,11835.244,1069.657
73,11172.552,11945.172,1064.214
73,11257.9,12007.201,1060.382
73,11312.37,12059.905,1058.48
73,11370.551,12119.946,1055.639
74,10933.126,10916.319,1198.337
74,10908.361,10915.015,1199.794
74,10865.726,10907.444,1207.451
74,10843.574,10915.971,1208.0
74,10821.097,10939.725,1208.0
75,10933.126,10916.319,1198.337
75,10938.857,10916.621,1198.0
75,10990.258,10934.829,1191.488
75,11036.774,10949.564,1185.602
75,11082.799,10971.109,1179.384
76,10933.126,10916.319,1198.337
76,10920.196,10928.531,1198.0
76,10899.575,10934.486,1198.0
76,10877.316,10941.617,1198.0
76,10862.409,10948.533,1197.537
76,10845.661,10962.741,1196.057
76,10842.172,10981.109,1194.027
76,10851.591,11001.794,1192.966
76,10858.968,11017.981,1193.147
76,10854.277,11038.734,1194.752
76,10845.502,11051.503,1195.813
76,10824.95,11062.517,1197.375
76,10814.432,11072.593,1198.433
76,10803.154,11083.559,1201.417
76,10790.177,11100.076,1204.708
76,10773.98,11119.177,1209.483
76,10758.835,11131.186,1213.393
76,10740.615,11139.389,1216.338
76,10717.21,11153.999,1221.627
76,10709.614,11158.868,1223.447
76,10688.308,11166.055,1227.986
76,10663.171,11167.987,1228.0
77,10620.302,11159.81,1228.0
77,10618.87,11180.841,1228.0
77,10584.094,11202.058,1228.0
77,10556.899,11256.991,1228.0
77,10539.361,11336.007,1228.0
77,10517.8,11369.683,1228.0
77,10523.371,11409.434,1228.0
77,10537.478,11454.248,1228.0
77,10539.203,11489.024,1228.0
77,10540.245,11526.754,1228.0
77,10508.021,11545.573,1228.0
77,10469.69,11553.481,1228.0
77,10484.703,11584.112,1228.0
77,10503.7419361931,11592.9139322436,1230.83416839495
77,10527.9284461486,11603.0215521281,1234.61410043972
77,10551.4133497578,11612.9790460811,1237.9952246666
77,10554.139,11637.03,1238.0
77,10521.739,11622.798,1241.074
77,10481.704,11609.683,1247.133
77,10467.194,11603.967,1248.0
77,10466.269,11623.884,1248.0
77,10477.256,11634.676,1250.073
77,10494.583,11646.679,1253.086
77,10516.634,11660.636,1256.811
77,10526.349,11675.29,1258.699
77,10538.04,11688.904,1261.176
77,10547.538,11708.599,1264.29
77,10552.577,11723.584,1266.606
77,10563.061,11742.847,1269.549
77,10576.405,11753.322,1271.437
77,10619.154,11773.616,1277.944
77,10637.476,11787.063,1278.0
77,10631.204,11808.215,1278.0
77,10613.645,11824.241,1278.0
77,10577.974,11827.252,1278.0
78,10620.302,11159.81,1228.0
78,10621.756,11138.452,1228.0
78,10614.183,11108.414,1228.0
78,10604.18,11081.443,1228.0
78,10623.707,11072.481,1227.445
78,10651.561,11064.872,1224.325
78,10679.288,11049.608,1220.843
78,10701.411,11037.655,1218.044
78,10730.42,11020.101,1214.302
78,10755.788,11004.473,1211.109
78,10776.566,10991.224,1208.424
79,10620.302,11159.81,1228.0
79,10663.171,11167.987,1228.0
79,10688.308,11166.055,1227.986
79,10709.614,11158.868,1223.447
79,10717.21,11153.999,1221.627
79,10740.615,11139.389,1216.338
79,10758.835,11131.186,1213.393
79,10773.98,11119.177,1209.483
79,10790.177,11100.076,1204.708
79,10803.154,11083.559,1201.417
79,10814.432,11072.593,1198.433
79,10824.95,11062.517,1197.375
79,10845.502,11051.503,1195.813
79,10854.277,11038.734,1194.752
79,10858.968,11017.981,1193.147
79,10851.591,11001.794,1192.966
79,10842.172,10981.109,1194.027
79,10845.661,10962.741,1196.057
79,10862.409,10948.533,1197.537
79,10877.316,10941.617,1198.0
79,10899.575,10934.486,1198.0
79,10920.196,10928.531,1198.0
80,10035.575,9756.585,1112.709
80,10057.303,9685.019,1115.452
80,10094.269,9582.578,1120.745
81,10035.575,9756.585,1112.709
81,10033.989,9761.807,1112.509
81,10012.01,9849.54,1112.333
82,10035.575,9756.585,1112.709
82,10027.146,9754.301,1112.446
82,9933.551,9735.552,1109.779
82,9838.314,9719.994,1105.124
82,9713.27,9701.158,1099.48
82,9638.21682259226,9692.33170495694,1096.1176523076
83,10035.575,9756.585,1112.709
83,10067.333,9767.391,1112.827
83,10115.053,9785.123,1110.635
83,10149.509,9797.116,1109.257
83,10216.932,9811.92,1105.51
83,10292.765,9820.199,1104.31
84,9921.692,9058.791,1240.0
84,9878.941,9062.74,1240.0
84,9811.03787300877,9066.83105658493,1239.78206068399
84,9724.706,9084.289,1231.118
84,9647.488,9109.844,1223.358
84,9575.735,9130.836,1216.144
84,9498.698,9154.583,1208.409
84,9403.569,9181.46,1198.859
84,9338.438,9204.277,1192.3
84,9241.123,9211.21,1190.0
84,9240.869,9244.754,1190.0
84,9304.163,9245.239,1190.0
84,9356.151,9266.804,1185.455
84,9443.468,9295.634,1176.677
84,9523.654,9327.269,1168.629
84,9613.896,9349.091,1160.0
84,9727.228,9381.644,1152.073
84,9932.243,9449.715,1131.436
84,10037.71,9482.655,1120.818
85,9921.692,9058.791,1240.0
85,9954.869,9055.727,1240.0
85,10049.173,9065.551,1240.0
85,10097.662,9069.26,1239.995
85,10198.724,9089.836,1229.791
85,10262.376,9104.148,1223.403
85,10359.3,9129.574,1213.929
85,10420.529,9106.02,1208.587
85,10454.134,9059.791,1203.159
85,10474.258,8989.848,1196.984
85,10474.927,8918.999,1190.505
85,10482.844,8820.39,1190.0
85,10515.988,8902.806,1189.951
85,10554.078,9003.425,1184.612
85,10578.132,9076.266,1180.782
85,10610.105,9150.803,1173.739
85,10597.77,9225.926,1167.437
85,10558.467,9284.455,1161.006
85,10504.015,9328.581,1154.44
85,10426.621,9374.237,1145.759
85,10361.886,9423.54,1138.682
85,10259.087,9463.137,1128.297
85,10171.379,9486.803,1120.0
86,9921.692,9058.791,1240.0
86,9818.162,9025.8,1240.0
86,9701.397,8993.28,1249.725
86,9578.18236667301,8962.01195978275,1259.99349239216
86,9513.494516212,8957.19825264755,1259.99217130943
87,9656.952,11065.813,1088.8
87,9708.186,11056.52,1088.179
88,9656.952,11065.813,1088.8
88,9621.981,11072.157,1089.224
88,9555.52,11075.61,1087.686
88,9491.258,11082.413,1081.427
88,9426.888,11092.618,1074.871
88,9332.187,11094.733,1066.083
89,9656.952,11065.813,1088.8
89,9660.843,11105.412,1088.419
89,9673.744,11144.683,1088.323
89,9681.291,11173.13,1088.394
90,9699.246,11204.428,1088.601
90,9681.291,11173.13,1088.394
90,9673.744,11144.683,1088.323
90,9660.843,11105.412,1088.419
91,9699.246,11204.428,1088.601
91,9677.93143445702,11217.5996288768,1088.0402262044
92,9699.246,11204.428,1088.601
92,9712.244,11235.712,1088.498
92,9719.359,11263.076,1087.692
92,9751.473,11320.548,1086.589
92,9784.062,11337.006,1086.06
92,9813.232,11344.926,1085.781
93,8966.241,10863.576,1140.0
93,8932.797,10862.844,1140.0
93,8932.844,10768.524,1138.717
93,8930.969,10707.826,1132.408
93,8935.538,10634.126,1124.56
93,8937.951,10567.717,1117.602
93,8933.558,10505.642,1110.823
93,8928.775,10433.937,1102.86
93,8919.886,10365.105,1095.26
93,8917.866,10297.459,1087.732
93,8934.67,10233.253,1080.606
93,8954.754,10187.225,1073.183
93,8957.906,10116.975,1083.165
93,8948.903,10092.553,1083.24
94,10584.8,10745.819,1118.0
94,10559.055,10752.81,1118.0
94,10500.457,10716.724,1118.0
95,9747.808,11051.228,1088.017
95,9799.066,11044.381,1087.808
95,9883.461,11038.218,1087.268
95,9946.826,10989.8,1086.798
96,9747.808,11051.228,1088.017
96,9708.186,11056.52,1088.179
97,9747.808,11051.228,1088.017
97,9774.83,11084.105,1087.789
97,9801.981,11101.362,1087.731
97,9830.45,11123.551,1087.661
97,9863.953,11144.812,1087.537
97,9888.101,11153.88,1087.509
98,9845.857,11340.103,1087.031
98,9865.015,11340.349,1086.733
98,9893.984,11342.676,1087.393
98,9909.137,11320.774,1088.742
98,9918.768,11290.237,1088.917
98,9921.77,11232.751,1087.622
98,9919.378,11201.928,1088.109
98,9915.622,11182.384,1088.368
98,9906.944,11171.613,1088.18
99,9845.857,11340.103,1087.031
99,9813.232,11344.926,1085.781
99,9784.062,11337.006,1086.06
99,9751.473,11320.548,1086.589
99,9719.359,11263.076,1087.692
99,9712.244,11235.712,1088.498
100,9845.857,11340.103,1087.031
100,9854.211,11375.476,1085.288
100,9871.43,11409.823,1084.896
100,9916.796,11448.357,1082.792
100,9940.25,11482.215,1081.353
100,9969.554,11527.197,1079.557
100,9970.558,11577.249,1077.848
100,9943.008,11626.983,1073.934
100,9904.335,11649.614,1071.956
100,9853.79078415278,11687.7952717504,1068.42730466042
100,9808.324,11728.002,1065.168
100,9778.934,11771.052,1064.105
101,9935.828,11111.639,1087.885
101,9947.31535577915,11093.6576327444,1088.18943692793
101,9963.931,11064.73,1087.95
101,9991.666,11006.46,1087.537
101,9990.55,10963.521,1086.336
101,9984.056,10936.811,1086.156
102,9935.828,11111.639,1087.885
102,9923.897,11130.898,1087.87
103,9935.828,11111.639,1087.885
103,9952.56498838196,11134.4501924086,1087.37095455168
104,9963.59160434678,11150.6088486966,1086.99610130619
104,9952.56498838196,11134.4501924086,1087.37095455168
105,10043.935,11110.293,1085.607
105,10047.1384041961,11148.8516296031,1086.1299644517
105,10045.8915567654,11188.7186912316,1085.00161655028
106,10055.5208173683,11239.1183634672,1084.68779573525
106,10045.8915567654,11188.7186912316,1085.00161655028
106,10047.1384041961,11148.8516296031,1086.1299644517
107,10630.891,13151.112,1029.165
107,10499.147,13096.386,1035.288
107,10330.533,13027.076,1037.189
107,10206.038,13026.707,1039.617
107,10103.927,13040.85,1043.457
107,10013.12,12921.005,1044.681
107,10019.816,12853.864,1044.867
107,9970.291,12760.53,1047.85
107,9903.792,12671.997,1049.28
107,9870.512,12565.033,1050.313
107,9830.56,12470.888,1048.345
107,9844.076,12346.123,1048.135
107,9872.148,12256.992,1051.907
107,9915.545,12182.068,1055.233
107,9934.63,12105.08,1057.663
107,9890.893,12010.066,1057.84
107,9824.797,11949.523,1056.762
107,9760.143,11867.307,1060.135
108,10630.891,13151.112,1029.165
108,10656.268,13161.654,1027.986
108,10695.455,13164.122,1027.222
108,10730.725,13177.078,1026.399
108,10763.255,13194.678,1025.684
108,10801.218,13197.77,1025.706
108,10839.142,13183.828,1026.501
108,10870.076,13149.615,1027.744
108,10881.936,13127.108,1028.566
108,10948.121,13085.707,1029.136
108,11008.857,13051.546,1031.101
108,11042.118,13022.705,1031.72
108,11086.286,12977.321,1034.779
108,11125.697,12942.415,1035.469
108,11170.202,12897.767,1033.702
108,11198.818,12871.494,1032.64
108,11284.565,12802.284,1031.708
108,11308.873,12757.24,1033.528
108,11320.482,12629.081,1038.347
108,11338.34,12520.904,1041.726
108,11360.144,12420.595,1045.66
108,11375.001,12325.928,1048.743
108,11388.957,12246.76,1051.246
109,10630.891,13151.112,1029.165
109,10597.977,13205.064,1025.232
110,11414.868,12175.152,1052.292
110,11388.957,12246.76,1051.246
110,11375.001,12325.928,1048.743
110,11360.144,12420.595,1045.66
110,11338.34,12520.904,1041.726
110,11320.482,12629.081,1038.347
110,11308.873,12757.24,1033.528
110,11284.565,12802.284,1031.708
110,11198.818,12871.494,1032.64
110,11170.202,12897.767,1033.702
110,11125.697,12942.415,1035.469
110,11086.286,12977.321,1034.779
110,11042.118,13022.705,1031.72
110,11008.857,13051.546,1031.101
110,10948.121,13085.707,1029.136
110,10881.936,13127.108,1028.566
110,10870.076,13149.615,1027.744
110,10839.142,13183.828,1026.501
110,10801.218,13197.77,1025.706
110,10763.255,13194.678,1025.684
110,10730.725,13177.078,1026.399
110,10695.455,13164.122,1027.222
110,10656.268,13161.654,1027.986
111,11414.868,12175.152,1052.292
111,11370.551,12119.946,1055.639
111,11312.37,12059.905,1058.48
111,11257.9,12007.201,1060.382
111,11172.552,11945.172,1064.214
111,11131.063,11835.244,1069.657
111,11140.938,11717.567,1070.437
111,11133.8298135537,11615.7709873062,1077.5308937117
111,11108.181,11550.187,1081.693
111,11067.401,11472.934,1086.386
111,11040.664,11438.388,1089.276
111,11021.835,11400.808,1092.021
111,11012.964,11363.127,1094.685
111,11003.228,11329.375,1100.038
111,10992.107,11290.81,1103.052
111,10991.521,11241.467,1115.35
111,10997.71,11179.037,1126.116
111,11000.5268022688,11125.2062940255,1136.60982481729
111,11021.6490906756,11071.4144116098,1150.91474736844
111,11041.2998103065,11057.96973277,1155.63565242102
111,11068.176,11045.045,1160.952
111,11096.439,11022.667,1167.891
111,11106.222,11002.649,1173.247
112,11414.868,12175.152,1052.292
112,11448.109,12171.577,1051.79
112,11501.275,12162.594,1049.878
112,11570.547,12163.486,1047.06
113,9203.74715632139,9747.38411915119,1084.74644862513
113,9232.8630556926,9694.02625618314,1087.16567739542
113,9319.11976230443,9685.7343133029,1087.2114934995
113,9385.332,9681.087,1087.221
113,9508.769,9681.835,1089.562
113,9571.948,9687.98,1092.167
114,9203.74715632139,9747.38411915119,1084.74644862513
114,9171.902,9800.604,1083.809
115,9203.74715632139,9747.38411915119,1084.74644862513
115,9213.062,9804.021,1083.793
116,8931.692,10076.521,1083.281
116,8982.193,10014.663,1083.733
116,9055.429,9936.236,1084.555
116,9109.715,9877.564,1084.392
117,8931.692,10076.521,1083.281
117,8911.287,10101.515,1083.099
117,8855.293,10183.814,1082.563
117,8817.011,10257.35,1081.081
117,8797.186,10348.644,1080.233
117,8780.96,10461.998,1079.101
117,8767.765,10555.874,1077.979
117,8751.719,10645.981,1076.326
117,8734.772,10730.862,1074.114
117,8720.608,10819.937,1071.793
117,8697.52,10932.459,1068.86
117,8709.094,11023.621,1066.543
117,8752.27480514794,11078.9368237998,1066.60303266012
117,8842.04731082098,11097.6687940585,1065.80890277275
118,8931.692,10076.521,1083.281
118,8948.903,10092.553,1083.24
118,8957.906,10116.975,1083.165
118,8954.754,10187.225,1073.183
118,8934.67,10233.253,1080.606
118,8917.866,10297.459,1087.732
118,8919.886,10365.105,1095.26
118,8928.775,10433.937,1102.86
118,8933.558,10505.642,1110.823
118,8937.951,10567.717,1117.602
118,8935.538,10634.126,1124.56
118,8930.969,10707.826,1132.408
118,8932.844,10768.524,1138.717
118,8932.797,10862.844,1140.0
119,9136.69,9844.181,1084.139
119,9171.902,9800.604,1083.809
120,9136.69,9844.181,1084.139
120,9109.715,9877.564,1084.392
120,9055.429,9936.236,1084.555
120,8982.193,10014.663,1083.733
121,9136.69,9844.181,1084.139
121,9164.181,9849.319,1083.578
121,9184.173,9860.41,1083.412
121,9204.356,9871.607,1083.244
122,9218.531,9881.94,1083.385
122,9219.757,9899.41,1083.294
122,9221.549,9915.582,1083.196
122,9226.016,9955.897,1082.95
122,9230.773,10007.889,1081.426
122,9232.947,10050.874,1080.406
122,9202.886,10111.548,1079.439
122,9159.756,10165.103,1078.411
122,9118.469,10243.595,1077.49
122,9103.979,10327.888,1076.098
122,9107.814,10407.038,1074.67
122,9117.659,10479.017,1072.807
122,9125.41159809246,10560.4683921985,1072.90345128311
122,9139.004,10641.71,1070.347
122,9167.067,10706.405,1069.814
122,9214.611,10822.431,1068.057
122,9241.466,10888.447,1066.755
122,9251.174,10971.263,1065.657
123,9218.531,9881.94,1083.385
123,9213.062,9804.021,1083.793
124,9218.531,9881.94,1083.385
124,9204.356,9871.607,1083.244
124,9184.173,9860.41,1083.412
124,9164.181,9849.319,1083.578
125,9218.531,9881.94,1083.385
125,9251.919,9855.943,1083.061
125,9288.247,9843.995,1083.267
125,9338.288,9846.765,1083.298
125,9413.273,9864.186,1084.218
125,9508.221,9884.639,1085.318
125,9585.971,9903.323,1086.638
126,8905.24077796438,11113.3205658622,1065.5113408253
126,8842.04731082098,11097.6687940585,1065.80890277275
126,8752.27480514794,11078.9368237998,1066.60303266012
126,8709.094,11023.621,1066.543
126,8697.52,10932.459,1068.86
126,8720.608,10819.937,1071.793
126,8734.772,10730.862,1074.114
126,8751.719,10645.981,1076.326
126,8767.765,10555.874,1077.979
126,8780.96,10461.998,1079.101
126,8797.186,10348.644,1080.233
126,8817.011,10257.35,1081.081
126,8855.293,10183.814,1082.563
126,8911.287,10101.515,1083.099
127,8905.24077796438,11113.3205658622,1065.5113408253
127,8987.708,11120.737,1064.74
127,9083.866,11108.456,1064.548
127,9153.105,11107.122,1064.497
128,8905.24077796438,11113.3205658622,1065.5113408253
128,8901.34374307725,11216.5126165398,1063.91606180377
128,8904.532,11338.519,1060.689
128,8913.178,11436.967,1058.655
129,9771.964,11806.757,1062.632
129,9778.934,11771.052,1064.105
129,9808.324,11728.002,1065.168
129,9853.79078415278,11687.7952717504,1068.42730466042
129,9904.335,11649.614,1071.956
129,9943.008,11626.983,1073.934
129,9970.558,11577.249,1077.848
129,9969.554,11527.197,1079.557
129,9940.25,11482.215,1081.353
129,9916.796,11448.357,1082.792
129,9871.43,11409.823,1084.896
129,9854.211,11375.476,1085.288
130,9771.964,11806.757,1062.632
130,9760.143,11867.307,1060.135
130,9824.797,11949.523,1056.762
130,9890.893,12010.066,1057.84
130,9934.63,12105.08,1057.663
130,9915.545,12182.068,1055.233
130,9872.148,12256.992,1051.907
130,9844.076,12346.123,1048.135
130,9830.56,12470.888,1048.345
130,9870.512,12565.033,1050.313
130,9903.792,12671.997,1049.28
130,9970.291,12760.53,1047.85
130,10019.816,12853.864,1044.867
130,10013.12,12921.005,1044.681
130,10103.927,13040.85,1043.457
130,10206.038,13026.707,1039.617
130,10330.533,13027.076,1037.189
130,10499.147,13096.386,1035.288
131,9771.964,11806.757,1062.632
131,9728.133,11793.642,1062.392
131,9657.618,11782.036,1060.134
131,9580.01,11748.45,1058.156
132,10437.244,9854.233,1107.561
132,10407.129,9839.024,1107.256
133,10437.244,9854.233,1107.561
133,10480.704,9876.181,1108.0
133,10491.489,9881.534,1108.0
133,10566.34,9918.686,1108.0
134,10437.244,9854.233,1107.561
134,10427.198,9870.217,1107.844
134,10394.294,9895.777,1106.04
134,10374.013,9923.708,1104.393
134,10354.35,9958.065,1101.985
134,10311.888,9990.912,1100.821
134,10301.451,9994.936,1100.879
134,10290.757,9999.059,1100.939
134,10251.204,10014.309,1101.161
135,10217.028,10018.097,1101.654
135,10204.789,10019.453,1101.831
135,10159.3,10013.023,1101.88
135,10131.254,10002.43,1103.568
135,10105.385,9980.407,1105.197
135,10077.2440014487,9960.38429322034,1106.96651897858
135,10056.9575823789,9944.75311502481,1110.07762105793
135,10013.188,9915.902,1112.018
136,10217.028,10018.097,1101.654
136,10251.204,10014.309,1101.161
136,10290.757,9999.059,1100.939
136,10301.451,9994.936,1100.879
136,10311.888,9990.912,1100.821
136,10354.35,9958.065,1101.985
136,10374.013,9923.708,1104.393
136,10394.294,9895.777,1106.04
136,10427.198,9870.217,1107.844
137,10217.028,10018.097,1101.654
137,10207.45,10064.827,1098.972
137,10215.715,10105.632,1096.99
137,10246.501,10168.554,1096.225
137,10273.881,10218.195,1094.656
137,10295.715,10269.046,1093.0
138,10207.45,10064.827,1098.972
138,10202.811,10065.75,1098.851
138,10172.028,10082.856,1097.588
138,10131.961,10121.509,1097.369
138,10105.029,10186.777,1095.817
139,10306.006,10311.198,1093.0
139,10295.715,10269.046,1093.0
139,10273.881,10218.195,1094.656
139,10246.501,10168.554,1096.225
139,10215.715,10105.632,1096.99
140,10096.605,10251.315,1093.257
140,10105.029,10186.777,1095.817
140,10131.961,10121.509,1097.369
140,10172.028,10082.856,1097.588
140,10202.811,10065.75,1098.851
141,9573.241,9838.907,1087.53
141,9599.79,9829.912,1089.238
141,9620.115,9879.066,1088.015
142,9599.79,9829.912,1089.238
142,9593.015,9797.533,1089.677
142,9595.45856345069,9753.75905957348,1092.10787176362
142,9597.57114981933,9725.36806853792,1093.2433901201
143,10643.779,10204.963,1093.0
143,10650.101,10255.666,1093.0
143,10651.99,10270.815,1093.0
144,11623.527,12158.271,1045.113
144,11570.547,12163.486,1047.06
144,11501.275,12162.594,1049.878
144,11448.109,12171.577,1051.79
145,9548.968,11747.059,1057.617
145,9469.284,11743.487,1056.233
145,9375.892,11712.505,1055.252
145,9269.157,11718.343,1054.463
145,9132.20419165737,11715.2587672095,1056.22747968967
145,9020.21928746071,11714.7527447739,1055.20634640596
145,8950.001,11658.95,1054.919
145,8927.147,11542.771,1057.026
146,9548.968,11747.059,1057.617
146,9580.01,11748.45,1058.156
146,9657.618,11782.036,1060.134
146,9728.133,11793.642,1062.392
147,9548.968,11747.059,1057.617
147,9567.862,11716.68,1058.691
147,9586.984,11673.876,1060.068
148,9613.287,11633.783,1061.511
148,9586.984,11673.876,1060.068
148,9567.862,11716.68,1058.691
149,8924.087,11519.591,1057.383
149,8913.178,11436.967,1058.655
149,8904.532,11338.519,1060.689
149,8901.34374307725,11216.5126165398,1063.91606180377
150,8924.087,11519.591,1057.383
150,8927.147,11542.771,1057.026
150,8950.001,11658.95,1054.919
150,9020.21928746071,11714.7527447739,1055.20634640596
150,9132.20419165737,11715.2587672095,1056.22747968967
150,9269.157,11718.343,1054.463
150,9375.892,11712.505,1055.252
150,9469.284,11743.487,1056.233
151,8924.087,11519.591,1057.383
151,8879.03,11529.65,1056.909
151,8837.963,11546.188,1056.315
152,8758.34,11599.559,1056.487
152,8837.963,11546.188,1056.315
152,8879.03,11529.65,1056.909
153,10340.176,9828.003,1105.531
153,10292.765,9820.199,1104.31
153,10216.932,9811.92,1105.51
153,10149.509,9797.116,1109.257
153,10115.053,9785.123,1110.635
153,10067.333,9767.391,1112.827
154,10340.176,9828.003,1105.531
154,10407.129,9839.024,1107.256
155,10340.176,9828.003,1105.531
155,10348.032,9810.464,1106.198
156,10361.647,9792.532,1107.425
156,10348.032,9810.464,1106.198
